"id","title","wave","status","findings","tests_passed","error"
"TASK-051","Define Docker backend packaging contract v1","1","completed","Extended PluginSystemDep and BackendWorkerContract with backend packaging metadata; added contract tests for install route coverage.","lint; focused-tests; builtin-contract; typecheck; build; docker-dry-run",""
"TASK-052","Add backend install profiles and generator reports","1","completed","Added backend install profiles and generator route reporting, including RIKUNE_BACKEND_PROFILE in generated Compose env.","lint; focused-tests; builtin-contract; typecheck; build; docker-dry-run",""
"TASK-053","Implement external backend Worker execution bridge","1","completed","Implemented external backend-worker.v1 execution with JSON stdin/stdout, allowExternalBackend gate, timeout, output limits, stderr capture, and command parsing.","lint; focused-tests; builtin-contract; typecheck; build; docker-dry-run",""
"TASK-054","Install JavaScript deobfuscation backends","2","completed","Added installable/profile-gated JavaScript deobfuscation wrappers and Docker fragments for REstringer, JSIR/CASCADE, and JSVMP.","lint; focused-tests; builtin-contract; typecheck; build; docker-dry-run",""
"TASK-055","Build installable JSIMPLIFIER backend suite","2","completed","Added JSIMPLIFIER static worker wrapper, Docker fragment, default install route, and worker-backed tool metadata.","lint; focused-tests; builtin-contract; typecheck; build; docker-dry-run",""
"TASK-056","Install WABT and radare2 CLI backends","2","completed","Added WABT default install fragment and radare2 optional profile metadata/validation route.","lint; focused-tests; builtin-contract; typecheck; build; docker-dry-run",""
"TASK-057","Install Python analysis backend venvs","2","completed","Classified Python analysis backends across default, optional, and license-gated profiles for LIEF, Triton, Miasm, and GTIRB.","lint; focused-tests; builtin-contract; typecheck; build; docker-dry-run",""
"TASK-058","Package GTIRB ddisasm behind license gate","3","completed","Kept GTIRB/ddisasm profile-gated because ddisasm is AGPL; default image exposes route metadata without unsafe install.","lint; focused-tests; builtin-contract; typecheck; build; docker-dry-run",""
"TASK-059","Package Remill bounded lift backend","3","completed","Classified Remill as heavy BYO/backend profile with explicit notes instead of default native LLVM install.","lint; focused-tests; builtin-contract; typecheck; build; docker-dry-run",""
"TASK-060","Build Manifold fact extraction backend","3","completed","Added Manifold fact extraction worker wrapper, default install route, Docker fragment, and resource declaration.","lint; focused-tests; builtin-contract; typecheck; build; docker-dry-run",""
"TASK-061","Add rev.ng sidecar or BYO backend profile","3","completed","Classified rev.ng as heavy sidecar/profile-gated backend with readiness/notes instead of default GPL toolchain install.","lint; focused-tests; builtin-contract; typecheck; build; docker-dry-run",""
"TASK-062","Package QBDI delegated runtime backend","4","completed","Classified QBDI as delegated runtime/BYO backend so analyzer images never start DBI by default.","lint; focused-tests; builtin-contract; typecheck; build; docker-dry-run",""
"TASK-063","Package CuLifter GPU backend profile","4","completed","Classified CuLifter as GPU BYO backend with driver-safe readiness notes and no default GPU driver install.","lint; focused-tests; builtin-contract; typecheck; build; docker-dry-run",""
"TASK-064","Finalize backend auto-install release guard","5","completed","Updated docs, release notes, tests, Docker generation, and Maestro artifacts; focused tests, lint, typecheck, build, and Docker dry-run pass.","lint; focused-tests; builtin-contract; typecheck; build; docker-dry-run",""
