id,task,status,notes
1,Confirm beta baseline and branch,completed,Started from beta; feature branch will be renamed to feat/apple-objc-swift-metadata before push
2,Research Apple ObjC and Swift metadata gap with subagent,completed,Subagent recommended passive apple-objc-swift static inventory with runtime as plan-only handoff
3,Implement apple-objc-swift plugin,completed,Added Mach-O and standalone Swift metadata parser plus tool metadata
4,Wire SDK tags and sample detection,completed,Added Objective-C and Swift metadata surface tags plus Swift standalone file type detection
5,Add workflow-search and matrix tests,completed,Focused Jest and selected matrix tests passed
6,Update docs compose and project records,completed,README docs PLUGINS tool catalog compose generator outputs updated
7,Run final verification,completed,Focused Jest plugin SDK workflow search format matrix tsc lint and diff check passed
8,Commit push PR and merge to beta,pending,gh PR against beta after local verification
9,Deploy beta on server and verify container,pending,pull beta build compose health ready MCP smoke
