id,title,wave,status,findings,error
TASK-039,Define bounded backend worker contract v1,1,completed,Added backend-worker.v1 SDK/internal contract metadata and validation coverage,
TASK-040,Expose worker readiness without backend startup,1,completed,Exposed worker_backend and worker_backend_readiness through readiness/list/discover/help surfaces,
TASK-041,Add shared external backend worker client and fixtures,1,completed,Added shared backend worker client with passive readiness and builtin fixture-safe execution,
TASK-042,Implement REstringer static JavaScript worker,2,completed,Added restringer.deobfuscation.run Worker tool beside plan-only surface,
TASK-043,Implement JSIMPLIFIER static pipeline worker,2,completed,Added jsimplifier.pipeline.run Worker tool beside plan-only surface,
TASK-044,Implement JSIR/CASCADE normalization worker,2,completed,Added jsir.cascade.normalize Worker tool beside plan-only surface,
TASK-045,Implement GTIRB read-only IR generation worker,3,completed,Added gtirb.ir.generate read-only Worker tool beside plan-only surface,
TASK-046,Implement Remill bounded lift worker,3,completed,Added remill.lift.run bounded Worker tool beside plan-only surface,
TASK-047,Implement Manifold fact extraction worker,3,completed,Added manifold.fact.extract Worker tool beside plan-only surface,
TASK-048,Implement QBDI opt-in delegated runtime worker,4,completed,Added qbdi.trace.run delegated-runtime Worker contract with explicit opt-in policy,
TASK-049,Implement CuLifter GPU artifact worker,4,completed,Added culifter.gpu.artifact.inventory no-GPU builtin inventory Worker tool,
TASK-050,Finalize worker suite release guard and docs,5,completed,Updated docs changelog Maestro state and release-guard tests,
